POSISJON,NAVN,KLUBB,PRIS,xMIN,UPPM,NESTE 6,R23_MIN,R23,R24_MIN,R24,R25_MIN,R25,R26_MIN,R26,R27_MIN,R27,R28_MIN,R28
Angrep,Høgh,Bodø/Glimt,"10,9",70,"0,073","38,68",70,"0,00",68,"8,31",67,"7,24",65,"11,68",63,"5,70",61,"5,76"
Midtbane,Tripic,Viking,"11,7",80,"0,064","34,60",80,"6,16",78,"5,76",76,"5,66",74,"5,82",72,"5,63",70,"5,57"
Midtbane,Hauge,Bodø/Glimt,"10,5",80,"0,052","32,24",80,"0,00",78,"7,10",76,"6,16",74,"9,58",72,"4,68",70,"4,72"
Midtbane,Berg,Bodø/Glimt,"7,1",85,"0,048","31,86",85,"0,00",83,"7,06",81,"6,12",79,"9,42",77,"4,60",74,"4,65"
Midtbane,Magnússon,Brann,"7,8",75,"0,051","30,40",75,"4,60",73,"4,36",71,"5,88",69,"7,88",68,"4,01",66,"3,67"
Angrep,Sigurdarson,Sandefjord,"6,9",80,"0,050","29,81",80,"4,68",78,"5,20",76,"3,85",74,"8,17",72,"4,05",70,"3,85"
Angrep,Islamovic,Rosenborg,"8,6",85,"0,045","29,16",85,"4,38",83,"4,57",81,"4,23",79,"8,21",77,"3,71",74,"4,06"
Midtbane,Horn Myhre,Brann,"7,5",85,"0,043","29,07",85,"4,37",83,"4,14",81,"5,77",79,"7,49",77,"3,81",74,"3,49"
Midtbane,Sørensen,Vålerenga,"7,0",75,"0,059","28,41",75,"4,70",73,"5,13",71,"4,97",69,"5,17",68,"4,35",66,"4,10"
Midtbane,E. Ceide,Rosenborg,"8,2",80,"0,046","27,51",80,"4,13",78,"4,31",76,"3,99",74,"7,74",72,"3,50",70,"3,83"
Midtbane,Evjen,Bodø/Glimt,"8,5",80,"0,042","26,51",80,"0,00",78,"5,95",76,"5,15",74,"7,78",72,"3,80",70,"3,83"
Midtbane,Kornvig,Brann,"5,3",85,"0,039","26,37",85,"3,95",83,"3,74",81,"5,32",79,"6,77",77,"3,45",74,"3,16"
Midtbane,Erlien,Tromsø,"9,3",70,"0,057","26,16",70,"4,79",68,"4,45",67,"4,63",65,"4,35",63,"4,12",61,"3,83"
Midtbane,Wolff Eikrem,Molde,"10,3",75,"0,051","26,13",75,"4,74",73,"4,50",71,"4,95",69,"3,82",68,"4,15",66,"3,98"
Angrep,Nunez,Fredrikstad,"8,2",65,"0,052","25,65",65,"7,08",63,"4,26",62,"3,87",60,"3,37",59,"3,72",57,"3,34"
Forsvar,Bjørtuft,Bodø/Glimt,"5,6",85,"0,038","25,54",85,"0,00",83,"5,80",81,"5,01",79,"7,44",77,"3,63",74,"3,67"
Angrep,Camões,Tromsø,"5,7",70,"0,055","25,03",70,"4,58",68,"4,26",67,"4,44",65,"4,16",63,"3,94",61,"3,66"
Keeper,Sæther,Kristiansund,"4,0",90,"0,045","24,73",90,"4,28",88,"4,46",86,"3,76",83,"4,20",81,"3,89",79,"4,14"
Midtbane,Patoulidis,Sandefjord,"6,5",80,"0,041","24,60",80,"3,85",78,"4,40",76,"3,14",74,"6,72",72,"3,33",70,"3,17"
Keeper,Dyngeland,Brann,"4,9",90,"0,034","24,59",90,"3,66",88,"3,46",86,"5,07",83,"6,27",81,"3,20",79,"2,93"
Midtbane,Castro,Brann,"10,5",55,"0,056","24,16",55,"3,66",54,"3,48",52,"4,63",51,"6,27",50,"3,19",48,"2,93"
Forsvar,Cheng,Sandefjord,"5,2",85,"0,038","24,02",85,"3,75",83,"4,35",81,"3,04",79,"6,55",77,"3,24",74,"3,09"
Midtbane,Duris,Rosenborg,"7,5",75,"0,042","23,79",75,"3,57",73,"3,73",71,"3,46",69,"6,69",68,"3,02",66,"3,31"
Angrep,Karlsbakk,Sarpsborg 08,"7,4",80,"0,050","23,68",80,"4,30",78,"4,40",76,"3,28",74,"3,86",72,"3,95",70,"3,88"
Keeper,Tangvik,Rosenborg,"5,3",90,"0,034","23,33",90,"3,49",88,"3,69",86,"3,42",83,"6,54",81,"2,96",79,"3,24"
Angrep,Gulbrandsen,Molde,"9,6",65,"0,053","23,14",65,"4,20",63,"3,98",62,"4,38",60,"3,38",59,"3,68",57,"3,52"
Keeper,Sandberg,HamKam,"4,8",90,"0,041","23,03",90,"4,10",88,"3,98",86,"4,03",83,"3,74",81,"3,71",79,"3,47"
Midtbane,Hestnes,KFUM,"4,9",85,"0,038","22,95",85,"3,67",83,"4,53",81,"4,67",79,"3,44",77,"3,63",74,"3,01"
Keeper,Børsheim,Fredrikstad,"4,4",90,"0,033","22,94",90,"6,24",88,"3,98",86,"3,52",83,"2,97",81,"3,28",79,"2,94"
Midtbane,Thorvaldsen,Vålerenga,"5,4",75,"0,046","22,32",75,"3,67",73,"4,07",71,"3,93",69,"4,04",68,"3,40",66,"3,20"
Forsvar,Cornic,Tromsø,"5,8",85,"0,039","22,17",85,"4,01",83,"3,79",81,"4,06",79,"3,64",77,"3,45",74,"3,21"
Midtbane,Dunsby,Sandefjord,"6,5",70,"0,042","22,15",70,"3,47",68,"3,95",67,"2,83",65,"6,05",63,"3,00",61,"2,85"
Midtbane,Ofkir,Vålerenga,"6,6",75,"0,045","22,11",75,"3,64",73,"4,04",71,"3,90",69,"4,00",68,"3,37",66,"3,17"
Midtbane,Larsen,Tromsø,"5,5",75,"0,045","22,09",75,"4,02",73,"3,77",71,"3,99",69,"3,65",68,"3,45",66,"3,21"
Midtbane,Y. Jenssen,Tromsø,"4,3",90,"0,037","22,05",90,"3,98",88,"3,78",86,"4,07",83,"3,61",81,"3,42",79,"3,18"
Midtbane,Kvia,Viking,"5,2",75,"0,043","21,74",75,"3,86",73,"3,56",71,"3,68",69,"3,64",68,"3,52",66,"3,49"
Midtbane,Bolkan Nordli,Rosenborg,"8,4",80,"0,036","21,70",80,"3,25",78,"3,42",76,"3,18",74,"6,09",72,"2,75",70,"3,01"
Midtbane,Farji,Strømsgodset,"5,9",80,"0,045","21,64",80,"3,66",78,"3,63",76,"3,90",74,"3,53",72,"3,49",70,"3,43"
Forsvar,Stray Molde,Fredrikstad,"6,0",75,"0,038","21,58",75,"5,90",73,"3,69",71,"3,29",69,"2,81",68,"3,10",66,"2,78"
Midtbane,Fet,Bodø/Glimt,"6,2",60,"0,046","21,50",60,"0,00",59,"4,79",57,"4,15",56,"6,34",54,"3,10",53,"3,13"
Forsvar,Bjørkan,Bodø/Glimt,"7,0",80,"0,034","21,49",80,"0,00",78,"4,94",76,"4,27",74,"6,20",72,"3,02",70,"3,05"
Keeper,Haikin,Bodø/Glimt,"5,5",90,"0,030","21,44",90,"0,00",88,"5,02",86,"4,32",83,"6,11",81,"2,98",79,"3,01"
Midtbane,Sørli,Sarpsborg 08,"6,9",65,"0,042","21,22",65,"2,90",72,"3,35",78,"2,67",85,"3,66",91,"4,15",98,"4,49"
Forsvar,Hjorth,KFUM,"4,7",85,"0,035","21,21",85,"3,37",83,"4,23",81,"4,37",79,"3,16",77,"3,33",74,"2,76"
Keeper,Haugaard,Tromsø,"4,8",90,"0,035","21,01",90,"3,79",88,"3,61",86,"3,90",83,"3,44",81,"3,26",79,"3,03"
Forsvar,Witry,Rosenborg,"6,0",80,"0,035","20,97",80,"3,14",78,"3,31",76,"3,08",74,"5,88",72,"2,66",70,"2,91"
Midtbane,Mettler,Sandefjord,"5,6",75,"0,037","20,82",75,"3,25",73,"3,78",71,"2,63",69,"5,67",68,"2,81",66,"2,67"
Midtbane,Øhlenschlæger,Fredrikstad,"5,0",70,"0,039","20,63",70,"5,64",68,"3,52",67,"3,15",65,"2,69",63,"2,97",61,"2,66"
Keeper,Klaesson,Viking,"5,0",90,"0,034","20,55",90,"3,63",88,"3,32",86,"3,58",83,"3,43",81,"3,32",79,"3,28"
Midtbane,Kilen,Kristiansund,"5,6",80,"0,041","20,09",80,"3,48",78,"3,63",76,"3,04",74,"3,41",72,"3,16",70,"3,36"
Forsvar,Saunes,Bryne,"4,4",90,"0,035","19,97",90,"3,77",88,"3,32",86,"3,75",83,"3,13",81,"3,12",79,"2,88"
Midtbane,Austbø,Viking,"6,5",65,"0,046","19,96",65,"3,54",63,"3,28",62,"3,36",60,"3,34",59,"3,23",57,"3,20"
Forsvar,Sjøvold,Bodø/Glimt,"6,3",80,"0,031","19,95",80,"0,00",78,"4,64",76,"3,99",74,"5,71",72,"2,79",70,"2,82"
Midtbane,Wikheim,Strømsgodset,"5,9",75,"0,044","19,81",75,"3,35",73,"3,32",71,"3,57",69,"3,23",68,"3,20",66,"3,14"
Forsvar,Falchener,Viking,"5,0",90,"0,033","19,81",90,"3,50",88,"3,19",86,"3,46",83,"3,30",81,"3,19",79,"3,16"
Angrep,Skogvold,Fredrikstad,"5,7",75,"0,035","19,75",75,"5,38",73,"3,41",71,"3,03",69,"2,56",68,"2,83",66,"2,54"
Keeper,Hedvall,Vålerenga,"4,4",90,"0,033","19,72",90,"3,22",88,"3,66",86,"3,52",83,"3,54",81,"2,98",79,"2,81"
Midtbane,Breivik,Molde,"5,9",90,"0,032","19,61",90,"3,49",88,"3,41",86,"3,90",83,"2,81",81,"3,06",79,"2,93"
Midtbane,Dzabic,Sandefjord,"5,2",65,"0,040","19,52",65,"3,05",63,"3,50",62,"2,48",60,"5,33",59,"2,64",57,"2,51"
Keeper,Karlstrøm,Molde,"5,1",90,"0,031","19,42",90,"3,46",88,"3,38",86,"3,86",83,"2,78",81,"3,03",79,"2,90"
Midtbane,Larsen,Bryne,"5,4",80,"0,039","19,40",80,"3,67",78,"3,23",76,"3,62",74,"3,04",72,"3,04",70,"2,80"
Forsvar,Fredriksen,Fredrikstad,"5,0",85,"0,030","19,38",85,"5,25",83,"3,41",81,"2,99",79,"2,50",77,"2,76",74,"2,48"
Keeper,Ndiaye,Sarpsborg 08,"4,5",90,"0,037","19,32",90,"3,55",88,"3,64",86,"2,50",83,"3,18",81,"3,26",79,"3,20"
Forsvar,Smajlović,Sandefjord,"4,4",90,"0,028","19,24",90,"2,98",88,"3,66",86,"2,37",83,"5,20",81,"2,58",79,"2,45"
Keeper,Bråtveit,Strømsgodset,"4,3",90,"0,035","19,09",90,"3,23",88,"3,19",86,"3,46",83,"3,11",81,"3,08",79,"3,02"
Midtbane,B. Njie,KFUM,"5,3",65,"0,042","19,09",65,"3,07",63,"3,73",62,"3,84",60,"2,88",59,"3,04",57,"2,52"
Keeper,Ødegaard,KFUM,"4,7",90,"0,029","18,94",90,"2,95",88,"3,87",86,"4,01",83,"2,77",81,"2,92",79,"2,42"
Midtbane,Roaldsøy,Molde,"4,4",85,"0,032","18,94",85,"3,38",83,"3,29",81,"3,75",79,"2,72",77,"2,96",74,"2,83"
Midtbane,Ottosson,Sandefjord,"4,5",85,"0,029","18,92",85,"2,94",83,"3,57",81,"2,34",79,"5,12",77,"2,54",74,"2,42"
Angrep,Moreira,Bryne,"6,1",70,"0,043","18,88",70,"3,58",68,"3,14",67,"3,50",65,"2,97",63,"2,96",61,"2,73"
Forsvar,Hickson,KFUM,"5,1",75,"0,035","18,83",75,"2,99",73,"3,75",71,"3,87",69,"2,80",68,"2,96",66,"2,45"
Forsvar,Hoseth,KFUM,"4,4",75,"0,035","18,79",75,"2,98",73,"3,75",71,"3,87",69,"2,80",68,"2,95",66,"2,45"
Forsvar,Pereira,Rosenborg,"6,9",80,"0,033","18,66",80,"2,99",76,"3,09",72,"2,79",68,"5,16",64,"2,26",60,"2,38"
Midtbane,Mathisen,Brann,"5,9",70,"0,033","18,59",70,"2,76",68,"2,61",67,"3,85",65,"4,74",63,"2,41",61,"2,21"
Forsvar,Helland,Brann,"4,9",90,"0,025","18,40",90,"2,70",88,"2,54",86,"4,04",83,"4,62",81,"2,35",79,"2,16"
Midtbane,Bjørdal,Vålerenga,"6,5",85,"0,040","18,38",0,"0,00",83,"4,04",81,"3,89",79,"3,97",77,"3,34",74,"3,14"
Midtbane,Stengel,Strømsgodset,"6,2",90,"0,034","18,34",90,"3,10",88,"3,06",86,"3,33",83,"2,99",81,"2,96",79,"2,90"
Forsvar,Roseth,Viking,"4,9",80,"0,034","18,18",80,"3,21",78,"2,93",76,"3,17",74,"3,03",72,"2,93",70,"2,90"
Angrep,Gonstad,HamKam,"4,9",70,"0,042","18,07",70,"3,22",68,"3,12",67,"3,16",65,"2,93",63,"2,91",61,"2,72"
Forsvar,Nemcik,Rosenborg,"5,0",85,"0,028","18,07",85,"2,69",83,"2,88",81,"2,68",79,"5,05",77,"2,28",74,"2,50"
Forsvar,Nogueira,Vålerenga,"5,1",85,"0,032","18,06",85,"2,94",83,"3,36",81,"3,23",79,"3,24",77,"2,73",74,"2,57"
Forsvar,Kristiansen,Sandefjord,"4,5",90,"0,026","18,00",90,"2,78",88,"3,47",86,"2,20",83,"4,86",81,"2,41",79,"2,29"
Midtbane,Isah,Kristiansund,"5,1",65,"0,045","17,93",65,"3,10",63,"3,24",62,"2,72",60,"3,04",59,"2,82",57,"3,00"
Midtbane,Bell,Viking,"4,7",80,"0,033","17,83",80,"3,15",78,"2,87",76,"3,11",74,"2,97",72,"2,88",70,"2,85"
Forsvar,Valsvik,Strømsgodset,"4,6",90,"0,033","17,73",90,"3,00",88,"2,96",86,"3,22",83,"2,89",81,"2,86",79,"2,81"
Angrep,Lien,HamKam,"5,6",70,"0,041","17,68",70,"3,15",68,"3,05",67,"3,09",65,"2,87",63,"2,85",61,"2,66"
Angrep,Berisha,Viking,"7,0",50,"0,052","17,58",50,"3,13",49,"2,90",48,"2,92",46,"2,95",45,"2,85",44,"2,83"
Keeper,de Boer,Bryne,"4,5",90,"0,031","17,50",90,"3,30",88,"2,91",86,"3,32",83,"2,73",81,"2,73",79,"2,52"
Forsvar,Haugen,Viking,"6,3",80,"0,032","17,31",80,"3,06",78,"2,78",76,"3,03",74,"2,89",72,"2,79",70,"2,76"
Forsvar,Warneryd,Tromsø,"5,0",80,"0,032","17,28",80,"3,10",78,"2,97",76,"3,24",74,"2,82",72,"2,67",70,"2,48"
Forsvar,Risa,Molde,"5,1",85,"0,029","17,26",85,"3,06",83,"3,01",81,"3,46",79,"2,47",77,"2,68",74,"2,57"
Midtbane,Edvardsson,Tromsø,"5,3",80,"0,032","17,18",80,"3,08",78,"2,95",76,"3,22",74,"2,80",72,"2,65",70,"2,47"
Forsvar,S. Owusu,Fredrikstad,"4,5",80,"0,028","17,15",80,"4,63",78,"3,04",76,"2,65",74,"2,21",72,"2,43",70,"2,18"
Forsvar,H. Aleesami,Bodø/Glimt,"4,3",65,"0,033","17,08",65,"0,00",63,"3,94",62,"3,40",60,"4,91",59,"2,40",57,"2,42"
Midtbane,Ibrahimaj,HamKam,"5,0",75,"0,037","16,99",75,"3,03",73,"2,94",71,"2,98",69,"2,75",68,"2,74",66,"2,56"
Midtbane,Fossum,Rosenborg,"5,9",65,"0,034","16,95",65,"2,54",63,"2,68",62,"2,49",60,"4,75",59,"2,15",57,"2,35"
Forsvar,Carson,Sandefjord,"4,4",85,"0,026","16,93",85,"2,62",83,"3,26",81,"2,06",79,"4,57",77,"2,26",74,"2,15"
Forsvar,Pallesen,Brann,"4,8",90,"0,023","16,87",90,"2,46",88,"2,31",86,"3,78",83,"4,21",81,"2,15",79,"1,96"
Keeper,Wichne,Haugesund,"4,5",90,"0,036","16,82",90,"3,38",88,"2,21",86,"2,38",83,"3,01",81,"2,91",79,"2,93"
Forsvar,Utvik,Sarpsborg 08,"4,5",85,"0,034","16,67",85,"3,07",83,"3,15",81,"2,10",79,"2,76",77,"2,82",74,"2,77"
Midtbane,Scriven,Bryne,"5,5",70,"0,038","16,58",70,"3,14",68,"2,76",67,"3,10",65,"2,60",63,"2,60",61,"2,39"
Forsvar,Woledzi,Fredrikstad,"5,0",90,"0,024","16,49",90,"4,41",88,"3,00",86,"2,57",83,"2,10",81,"2,32",79,"2,08"
Forsvar,Haugan,Molde,"5,0",90,"0,026","16,46",90,"2,90",88,"2,88",86,"3,35",83,"2,34",81,"2,54",79,"2,44"
Angrep,Conteh,Strømsgodset,"5,8",70,"0,039","16,44",70,"2,78",68,"2,75",67,"2,97",65,"2,68",63,"2,65",61,"2,60"
Forsvar,Linnes,Molde,"6,1",70,"0,034","16,43",70,"2,94",68,"2,85",67,"3,24",65,"2,36",63,"2,57",61,"2,46"
Midtbane,Tufekcic,Kristiansund,"5,0",75,"0,035","16,33",75,"2,83",73,"2,96",71,"2,45",69,"2,78",68,"2,57",66,"2,74"
Midtbane,Owusu,Fredrikstad,"4,1",90,"0,023","16,23",90,"4,34",88,"2,96",86,"2,53",83,"2,07",81,"2,28",79,"2,05"
Midtbane,Bakke,Strømsgodset,"4,4",70,"0,038","16,16",70,"2,73",68,"2,70",67,"2,92",65,"2,63",63,"2,61",61,"2,56"
Forsvar,Skjærvik,Tromsø,"4,6",85,"0,028","16,07",85,"2,87",83,"2,77",81,"3,07",79,"2,60",77,"2,47",74,"2,29"
Midtbane,Opoku,Sarpsborg 08,"6,5",65,"0,042","16,00",65,"2,92",63,"2,99",62,"2,14",60,"2,62",59,"2,69",57,"2,64"
Midtbane,Njie,KFUM,"5,0",60,"0,037","15,81",60,"2,52",59,"3,13",57,"3,23",56,"2,36",54,"2,49",53,"2,07"
Midtbane,Selnæs,Rosenborg,"5,0",85,"0,029","15,71",0,"0,00",83,"2,94",81,"2,73",79,"5,16",77,"2,33",74,"2,55"
Forsvar,A. Aleesami,KFUM,"4,4",80,"0,027","15,52",80,"2,40",78,"3,21",76,"3,33",74,"2,25",72,"2,37",70,"1,97"
Midtbane,Sher,Sarpsborg 08,"4,1",90,"0,030","15,44",90,"2,86",88,"2,94",86,"1,86",83,"2,57",81,"2,63",79,"2,59"
Midtbane,Ambina,Vålerenga,"4,9",75,"0,031","15,42",75,"2,51",73,"2,88",71,"2,76",69,"2,76",68,"2,32",66,"2,19"
Midtbane,Grødem,Bryne,"5,5",30,"0,045","15,41",30,"1,59",39,"1,85",48,"2,61",57,"2,70",66,"3,21",75,"3,46"
Midtbane,Lange,Vålerenga,"5,2",75,"0,031","15,40",75,"2,51",73,"2,87",71,"2,76",69,"2,76",68,"2,32",66,"2,19"
Forsvar,K. Olsen,Vålerenga,"4,4",85,"0,027","15,40",85,"2,49",83,"2,90",81,"2,77",79,"2,75",77,"2,31",74,"2,18"
Midtbane,Sørensen,Brann,"5,0",70,"0,032","15,38",0,"0,00",68,"2,53",67,"3,77",65,"4,60",63,"2,34",61,"2,14"
Forsvar,Dragsnes,Brann,"5,5",55,"0,032","15,30",80,"3,10",54,"2,01",52,"2,98",51,"3,65",50,"1,86",48,"1,70"
Midtbane,Blomberg,Bodø/Glimt,"8,7",10,"0,056","15,29",10,"0,00",18,"1,75",26,"2,25",34,"4,74",42,"2,94",50,"3,63"
Forsvar,M. Ceide,Rosenborg,"4,9",85,"0,024","15,28",85,"2,27",83,"2,45",81,"2,28",79,"4,25",77,"1,92",74,"2,10"
Forsvar,Kinteh,Tromsø,"4,4",85,"0,027","15,23",85,"2,71",83,"2,63",81,"2,93",79,"2,46",77,"2,33",74,"2,17"
Midtbane,Strunck,Bryne,"5,0",80,"0,030","15,23",80,"2,87",78,"2,53",76,"2,89",74,"2,38",72,"2,37",70,"2,19"
Forsvar,Tønnessen,KFUM,"4,4",80,"0,026","15,19",80,"2,34",78,"3,15",76,"3,27",74,"2,19",72,"2,31",70,"1,92"
Midtbane,Halvorsen,Sarpsborg 08,"5,4",75,"0,034","15,02",75,"2,76",73,"2,84",71,"1,90",69,"2,48",68,"2,54",66,"2,50"
Midtbane,Spiten,Molde,"7,0",60,"0,036","14,95",60,"2,68",59,"2,59",57,"2,92",56,"2,16",54,"2,35",53,"2,25"
Forsvar,Koch,Sarpsborg 08,"4,8",90,"0,029","14,94",90,"2,77",88,"2,85",86,"1,78",83,"2,49",81,"2,55",79,"2,51"
Midtbane,Sandal,KFUM,"4,9",85,"0,029","14,93",0,"0,00",83,"3,62",81,"3,75",79,"2,58",77,"2,72",74,"2,26"
Forsvar,Reinhardsen,Sarpsborg 08,"4,5",75,"0,034","14,91",75,"2,74",73,"2,81",71,"1,88",69,"2,46",68,"2,52",66,"2,48"
Forsvar,Taaje,Strømsgodset,"4,3",80,"0,031","14,88",80,"2,52",78,"2,48",76,"2,71",74,"2,42",72,"2,40",70,"2,35"
Midtbane,Sørløkk,Fredrikstad,"5,9",40,"0,049","14,76",40,"4,07",39,"2,47",38,"2,23",37,"1,94",36,"2,14",35,"1,92"
Keeper,Eriksson,Sandefjord,"4,3",60,"0,033","14,76",60,"2,30",59,"2,73",57,"1,84",56,"4,01",54,"1,99",53,"1,89"
Forsvar,Näsberg,Vålerenga,"4,4",80,"0,028","14,72",80,"2,39",78,"2,77",76,"2,65",74,"2,63",72,"2,21",70,"2,08"
Angrep,Brynhildsen,Bodø/Glimt,"11,0",15,"0,048","14,71",15,"0,00",23,"1,92",30,"2,28",38,"4,51",45,"2,71",53,"3,29"
Forsvar,Vilsvik,Strømsgodset,"4,9",75,"0,032","14,71",75,"2,49",73,"2,46",71,"2,67",69,"2,39",68,"2,37",66,"2,33"
Midtbane,Askildsen,Viking,"5,1",60,"0,036","14,53",60,"2,57",59,"2,35",57,"2,51",56,"2,43",54,"2,35",53,"2,32"
Forsvar,Kabini,Molde,"5,4",80,"0,026","14,49",80,"2,56",78,"2,54",76,"2,95",74,"2,06",72,"2,24",70,"2,15"
Forsvar,Wichne,Sarpsborg 08,"5,0",80,"0,031","14,47",80,"2,67",78,"2,75",76,"1,77",74,"2,40",72,"2,46",70,"2,42"
Midtbane,Gregersen,Bryne,"4,4",60,"0,039","14,45",60,"2,73",59,"2,40",57,"2,70",56,"2,27",54,"2,26",53,"2,09"
Forsvar,Berglie,KFUM,"4,5",80,"0,025","14,45",80,"2,21",78,"3,03",76,"3,14",74,"2,07",72,"2,19",70,"1,81"
Midtbane,Saltnes,Bodø/Glimt,"9,2",10,"0,053","14,43",10,"0,00",18,"1,66",26,"2,13",34,"4,46",42,"2,76",50,"3,42"
Midtbane,Bassi,Bodø/Glimt,"5,5",55,"0,032","14,11",55,"0,00",54,"3,27",52,"2,82",51,"4,05",50,"1,98",48,"2,00"
Forsvar,Mares,HamKam,"4,4",90,"0,025","14,10",90,"2,50",88,"2,46",86,"2,48",83,"2,28",81,"2,26",79,"2,12"
Forsvar,Bjørshol,Viking,"5,0",55,"0,038","14,07",55,"2,49",54,"2,29",52,"2,42",51,"2,35",50,"2,27",48,"2,25"
Forsvar,Ulvestad,Kristiansund,"4,4",90,"0,025","14,06",90,"2,44",88,"2,57",86,"2,07",83,"2,39",81,"2,22",79,"2,36"
Keeper,Hadaya,Sandefjord,"4,4",30,"0,033","13,97",30,"1,17",39,"1,85",48,"1,58",57,"4,18",66,"2,46",75,"2,74"
Forsvar,Ekeroth,HamKam,"4,3",80,"0,028","13,94",80,"2,48",78,"2,43",76,"2,45",74,"2,25",72,"2,24",70,"2,09"
Forsvar,Amundsen-Day,HamKam,"4,5",80,"0,028","13,83",80,"2,46",78,"2,41",76,"2,43",74,"2,24",72,"2,22",70,"2,08"
Midtbane,Ødegård,Kristiansund,"5,5",75,"0,030","13,79",75,"2,39",73,"2,51",71,"2,05",69,"2,35",68,"2,18",66,"2,31"
Midtbane,Simenstad,HamKam,"5,3",65,"0,034","13,74",65,"2,45",63,"2,38",62,"2,41",60,"2,23",59,"2,21",57,"2,07"
Midtbane,Sery,Molde,"8,0",50,"0,039","13,40",50,"2,41",49,"2,32",48,"2,60",46,"1,94",45,"2,11",44,"2,02"
Midtbane,Sødal,Bryne,"4,3",85,"0,025","13,29",85,"2,49",83,"2,21",81,"2,56",79,"2,06",77,"2,06",74,"1,90"
Midtbane,Sletsjøe,Kristiansund,"5,4",70,"0,031","13,18",70,"2,29",68,"2,40",67,"1,96",65,"2,24",63,"2,08",61,"2,21"
Forsvar,Skovgaard,Bryne,"4,5",75,"0,028","13,16",75,"2,47",73,"2,19",71,"2,51",69,"2,05",68,"2,05",66,"1,89"
Forsvar,Dahl,Strømsgodset,"4,4",85,"0,026","13,15",85,"2,22",83,"2,19",81,"2,41",79,"2,14",77,"2,12",74,"2,08"
Midtbane,Hannola,Haugesund,"4,5",70,"0,036","13,09",70,"2,63",68,"1,72",67,"1,85",65,"2,34",63,"2,26",61,"2,28"
Forsvar,Rakneberg,Kristiansund,"4,2",80,"0,026","12,92",80,"2,24",78,"2,36",76,"1,91",74,"2,20",72,"2,04",70,"2,17"
Forsvar,Granath,HamKam,"4,4",80,"0,026","12,92",80,"2,29",78,"2,26",76,"2,27",74,"2,09",72,"2,07",70,"1,94"
Forsvar,Eid,Fredrikstad,"5,6",55,"0,030","12,85",55,"3,48",54,"2,25",52,"1,98",51,"1,66",50,"1,83",48,"1,64"
Forsvar,Hedenstad,Vålerenga,"4,8",75,"0,026","12,69",75,"2,05",73,"2,40",71,"2,29",69,"2,26",68,"1,90",66,"1,79"
Midtbane,Sørås,HamKam,"4,4",80,"0,025","12,59",80,"2,23",78,"2,20",76,"2,21",74,"2,03",72,"2,02",70,"1,89"
Midtbane,George,Kristiansund,"4,4",85,"0,024","12,53",85,"2,18",83,"2,29",81,"1,84",79,"2,14",77,"1,98",74,"2,11"
Forsvar,Haahr,Bryne,"4,5",80,"0,025","12,48",80,"2,34",78,"2,07",76,"2,41",74,"1,94",72,"1,94",70,"1,78"
Midtbane,Metcalfe,Fredrikstad,"4,8",55,"0,030","12,48",55,"3,38",54,"2,20",52,"1,92",51,"1,61",50,"1,78",48,"1,59"
Forsvar,Guddal,Tromsø,"4,6",90,"0,025","12,36",0,"0,00",88,"2,60",86,"2,93",83,"2,42",81,"2,29",79,"2,13"
Midtbane,Pedersen,Brann,"4,4",60,"0,025","12,34",60,"1,81",59,"1,70",57,"2,70",56,"3,10",54,"1,58",53,"1,45"
Forsvar,Olsen,Kristiansund,"4,4",90,"0,022","12,31",90,"2,14",88,"2,26",86,"1,80",83,"2,10",81,"1,95",79,"2,07"
Forsvar,Gundersen,Bodø/Glimt,"5,9",25,"0,030","12,09",25,"0,00",33,"1,90",40,"2,07",48,"3,59",55,"2,08",63,"2,46"
Forsvar,Hoffmann,Kristiansund,"4,4",75,"0,026","12,01",75,"2,09",73,"2,19",71,"1,77",69,"2,05",68,"1,90",66,"2,02"
Angrep,D'Agostino,Viking,"7,4",40,"0,045","12,00",40,"2,13",39,"1,97",38,"2,02",37,"2,01",36,"1,94",35,"1,92"
Forsvar,Dia,Haugesund,"3,9",90,"0,026","11,89",90,"2,48",88,"1,36",86,"1,56",83,"2,21",81,"2,13",79,"2,15"
Angrep,Berget,Sarpsborg 08,"6,9",30,"0,049","11,56",30,"1,57",33,"1,82",36,"1,51",39,"1,98",42,"2,25",45,"2,44"
Midtbane,Rohd,Haugesund,"4,8",70,"0,032","11,48",70,"2,33",68,"1,44",67,"1,59",65,"2,08",63,"2,01",61,"2,02"
Forsvar,Hope,Haugesund,"4,5",70,"0,031","11,24",70,"2,29",68,"1,40",67,"1,55",65,"2,04",63,"1,97",61,"1,99"
Angrep,Diarra,Haugesund,"6,0",70,"0,031","11,12",70,"2,27",68,"1,38",67,"1,53",65,"2,02",63,"1,95",61,"1,97"
Midtbane,Thellufsen,Bryne,"5,0",45,"0,039","10,84",45,"2,05",44,"1,80",43,"2,02",42,"1,70",41,"1,70",39,"1,56"
Forsvar,Soltvedt,Brann,"6,2",35,"0,045","10,61",0,"0,00",34,"1,78",33,"2,46",32,"3,22",32,"1,64",31,"1,50"
Forsvar,Hämäläinen,Haugesund,"4,0",85,"0,025","10,56",85,"2,22",83,"1,17",81,"1,36",79,"1,98",77,"1,91",74,"1,92"
Midtbane,Väänänen,Rosenborg,"5,3",45,"0,028","10,55",80,"2,50",44,"1,51",43,"1,40",42,"2,64",41,"1,19",39,"1,31"
Midtbane,Gudmundsson,Brann,"6,6",25,"0,041","10,48",70,"3,47",24,"1,17",24,"1,65",23,"2,12",23,"1,08",22,"0,99"
Midtbane,Strand,Vålerenga,"5,8",30,"0,042","10,30",75,"3,39",29,"1,51",29,"1,46",28,"1,49",27,"1,26",26,"1,18"
Midtbane,Krasniqi,Strømsgodset,"4,3",60,"0,027","9,90",60,"1,67",59,"1,65",57,"1,81",56,"1,61",54,"1,59",53,"1,57"
Midtbane,Auklend,Bodø/Glimt,"5,8",30,"0,042","9,89",30,"0,00",29,"2,22",29,"1,92",28,"2,90",27,"1,42",26,"1,43"
Forsvar,Fischer,Haugesund,"4,3",80,"0,024","9,73",80,"2,05",78,"1,07",76,"1,25",74,"1,83",72,"1,76",70,"1,78"
Midtbane,Jørgensen,Bodø/Glimt,"8,9",10,"0,047","9,47",10,"0,00",15,"1,24",20,"1,47",25,"2,90",30,"1,74",35,"2,11"
Midtbane,Bizoza,Haugesund,"4,3",75,"0,025","9,37",75,"1,97",73,"1,04",71,"1,21",69,"1,75",68,"1,69",66,"1,71"
Midtbane,Potur,HamKam,"4,2",50,"0,030","9,36",50,"1,66",49,"1,63",48,"1,64",46,"1,51",45,"1,50",44,"1,41"
Midtbane,Hestad,Molde,"5,8",35,"0,037","8,79",35,"1,58",34,"1,52",33,"1,72",32,"1,27",32,"1,38",31,"1,32"
Midtbane,Laghzaoui,Fredrikstad,"6,0",30,"0,039","8,77",30,"2,40",29,"1,50",29,"1,34",28,"1,14",27,"1,26",26,"1,13"
Angrep,Abdullai,Molde,"6,8",30,"0,042","8,58",30,"1,55",29,"1,48",29,"1,65",28,"1,24",27,"1,35",26,"1,30"
Forsvar,Qvigstad,Bryne,"4,4",50,"0,027","8,48",50,"1,59",49,"1,41",48,"1,62",46,"1,32",45,"1,32",44,"1,22"
Midtbane,Zeidan,Rosenborg,"5,7",30,"0,037","8,33",30,"1,25",29,"1,31",29,"1,22",28,"2,34",27,"1,06",26,"1,16"
Midtbane,Grindhaug,Haugesund,"4,2",55,"0,029","8,31",55,"1,71",54,"1,01",52,"1,13",51,"1,52",50,"1,47",48,"1,48"
Angrep,Noah,Brann,"7,3",25,"0,042","8,30",25,"1,25",24,"1,18",24,"1,65",23,"2,14",23,"1,09",22,"1,00"
Forsvar,Wik,Bryne,"4,0",45,"0,028","7,89",45,"1,48",44,"1,31",43,"1,51",42,"1,23",41,"1,23",39,"1,13"
Midtbane,Daga,Molde,"4,4",30,"0,038","7,81",30,"1,40",29,"1,35",29,"1,52",28,"1,13",27,"1,23",26,"1,18"
Midtbane,Shein,Fredrikstad,"5,8",30,"0,034","7,81",30,"2,13",29,"1,35",29,"1,20",28,"1,01",27,"1,12",26,"1,00"
Angrep,Udahl,KFUM,"5,5",25,"0,044","7,62",25,"1,23",24,"1,48",24,"1,53",23,"1,15",23,"1,22",22,"1,01"
Angrep,Braut,Tromsø,"5,3",20,"0,058","7,57",20,"1,39",20,"1,29",19,"1,34",19,"1,26",18,"1,19",18,"1,11"
Midtbane,Ardraa,Strømsgodset,"5,5",40,"0,031","7,50",40,"1,27",39,"1,25",38,"1,36",37,"1,22",36,"1,21",35,"1,19"
Angrep,Alvheim,Kristiansund,"5,0",25,"0,048","7,46",25,"1,29",24,"1,34",24,"1,14",23,"1,27",23,"1,17",22,"1,25"
Forsvar,De Roeve,Brann,"4,7",30,"0,031","7,41",30,"1,10",29,"1,04",29,"1,56",28,"1,88",27,"0,96",26,"0,88"
Forsvar,Skaret,KFUM,"4,8",40,"0,025","7,22",40,"1,10",39,"1,51",38,"1,57",37,"1,03",36,"1,09",35,"0,91"
Forsvar,Heggheim,Viking,"5,2",30,"0,035","7,16",30,"1,27",29,"1,16",29,"1,24",28,"1,19",27,"1,16",26,"1,14"
Forsvar,Jonsson,HamKam,"4,9",30,"0,039","7,14",30,"1,27",29,"1,24",29,"1,25",28,"1,16",27,"1,15",26,"1,08"
Midtbane,Petcho,Haugesund,"4,7",45,"0,031","7,10",45,"1,45",44,"0,88",43,"0,97",42,"1,29",41,"1,25",39,"1,26"
Midtbane,Mikkelsen,Tromsø,"6,1",25,"0,032","7,03",25,"0,95",28,"1,03",30,"1,26",33,"1,21",35,"1,27",38,"1,30"
Midtbane,Christiansen,Sarpsborg 08,"4,5",45,"0,027","6,87",45,"1,28",44,"1,32",43,"0,79",42,"1,15",41,"1,18",39,"1,16"
Midtbane,Hansen,Viking,"5,0",30,"0,034","6,87",30,"1,21",29,"1,11",29,"1,20",28,"1,15",27,"1,11",26,"1,10"
Midtbane,Bjartalid,Fredrikstad,"6,5",20,"0,045","6,75",20,"1,86",20,"1,14",19,"1,02",19,"0,88",18,"0,97",18,"0,88"
Forsvar,Rafn,Fredrikstad,"5,3",30,"0,029","6,60",30,"1,78",29,"1,17",29,"1,02",28,"0,85",27,"0,94",26,"0,84"
Midtbane,Svendsen,Viking,"6,1",25,"0,039","6,59",25,"1,17",24,"1,07",24,"1,13",23,"1,10",23,"1,06",22,"1,05"
Midtbane,Troy,Haugesund,"5,3",45,"0,029","6,58",45,"1,35",44,"0,79",43,"0,89",42,"1,21",41,"1,17",39,"1,17"
Forsvar,Niyukuri,Haugesund,"4,5",45,"0,029","6,58",45,"1,35",44,"0,79",43,"0,89",42,"1,21",41,"1,17",39,"1,17"
Angrep,Mawa,HamKam,"5,1",30,"0,035","6,57",30,"1,17",29,"1,14",29,"1,15",28,"1,06",27,"1,06",26,"0,99"
Midtbane,Enersen,Strømsgodset,"4,9",25,"0,042","6,34",25,"1,07",24,"1,06",24,"1,14",23,"1,03",23,"1,02",22,"1,00"
Midtbane,Hanstad,Sandefjord,"5,4",20,"0,042","6,29",20,"0,99",20,"1,12",19,"0,80",19,"1,72",18,"0,85",18,"0,81"
Angrep,Finne,Brann,"7,9",15,"0,052","6,14",15,"0,93",15,"0,88",14,"1,19",14,"1,59",14,"0,81",13,"0,74"
Midtbane,Haltvik,KFUM,"4,8",15,"0,035","6,06",75,"2,94",15,"0,74",14,"0,76",14,"0,55",14,"0,58",13,"0,48"
Midtbane,Melchior,Sandefjord,"5,4",20,"0,039","5,81",20,"0,91",20,"1,05",19,"0,74",19,"1,59",18,"0,79",18,"0,75"
Forsvar,Walle Egeli,Sandefjord,"4,2",25,"0,031","5,81",25,"0,90",24,"1,09",24,"0,72",23,"1,58",23,"0,78",22,"0,74"
Forsvar,Strand Nilsen,HamKam,"4,9",30,"0,031","5,71",30,"1,02",29,"0,99",29,"1,00",28,"0,92",27,"0,92",26,"0,86"
Midtbane,Christiansen,Viking,"6,9",15,"0,055","5,59",15,"0,99",15,"0,92",14,"0,93",14,"0,94",14,"0,91",13,"0,90"
Midtbane,Johnsgård,HamKam,"5,0",20,"0,045","5,52",20,"0,98",20,"0,95",19,"0,97",19,"0,90",18,"0,89",18,"0,83"
Midtbane,Leite,Haugesund,"4,3",45,"0,024","5,45",45,"1,15",44,"0,59",43,"0,70",42,"1,02",41,"0,99",39,"1,00"
Forsvar,Kryger,Kristiansund,"4,5",30,"0,029","5,40",30,"0,94",29,"0,98",29,"0,80",28,"0,92",27,"0,85",26,"0,91"
Angrep,Ampofo,Strømsgodset,"5,5",20,"0,045","5,39",20,"0,91",20,"0,90",19,"0,97",19,"0,88",18,"0,87",18,"0,85"
Forsvar,Sjølstad,HamKam,"4,4",20,"0,023","5,29",20,"0,50",26,"0,67",32,"0,84",38,"0,94",44,"1,12",50,"1,22"
Angrep,Helmersen,Bodø/Glimt,"7,4",15,"0,045","5,23",15,"0,00",15,"1,17",14,"1,01",14,"1,54",14,"0,75",13,"0,76"
Midtbane,Alte,Viking,"5,3",20,"0,039","5,21",20,"0,92",20,"0,85",19,"0,89",19,"0,87",18,"0,84",18,"0,83"
Midtbane,Mäattä,Bodø/Glimt,"6,0",10,"0,047","5,09",10,"0,00",11,"0,92",12,"0,90",13,"1,53",14,"0,83",15,"0,92"
Forsvar,Y. Jenssen,Rosenborg,"5,0",0,"0,033","4,96",0,"0,00",0,"0,00",15,"0,58",20,"1,52",30,"1,06",45,"1,79"
Angrep,Ndiaye,KFUM,"4,9",15,"0,046","4,82",15,"0,78",15,"0,93",14,"0,96",14,"0,73",14,"0,77",13,"0,64"
Angrep,Ndour,Kristiansund,"5,5",20,"0,039","4,75",20,"0,82",20,"0,86",19,"0,72",19,"0,81",18,"0,75",18,"0,80"
Midtbane,Riisnæs,Bodø/Glimt,"5,6",10,"0,043","4,69",10,"0,00",11,"0,86",12,"0,83",13,"1,40",14,"0,76",15,"0,84"
Midtbane,Mathisen,Sandefjord,"4,9",15,"0,039","4,34",15,"0,68",15,"0,78",14,"0,55",14,"1,18",14,"0,59",13,"0,56"
Midtbane,Nilsen Tangen,Sarpsborg 08,"5,4",20,"0,037","4,30",20,"0,79",20,"0,81",19,"0,56",19,"0,71",18,"0,72",18,"0,71"
Midtbane,Nibe,Sarpsborg 08,"6,0",5,"0,045","4,22",5,"0,24",9,"0,45",13,"0,49",17,"0,79",21,"1,03",25,"1,23"
Angrep,Bojadzic,Bryne,"5,1",15,"0,045","4,19",15,"0,80",15,"0,70",14,"0,78",14,"0,66",14,"0,66",13,"0,61"
Midtbane,Meliga,Vålerenga,"5,5",15,"0,042","4,11",15,"0,67",15,"0,75",14,"0,73",14,"0,74",14,"0,62",13,"0,59"
Midtbane,Hagen,Vålerenga,"4,5",20,"0,031","4,10",20,"0,67",20,"0,76",19,"0,73",19,"0,73",18,"0,62",18,"0,58"
Forsvar,Stenevik,Molde,"5,2",20,"0,029","4,03",20,"0,72",20,"0,70",19,"0,81",19,"0,58",18,"0,63",18,"0,60"
Midtbane,Corlu,Kristiansund,"5,1",20,"0,033","4,01",20,"0,69",20,"0,73",19,"0,60",19,"0,68",18,"0,63",18,"0,67"
Angrep,Gudjohnsen,Sarpsborg 08,"5,3",15,"0,045","3,93",15,"0,72",15,"0,73",14,"0,53",14,"0,64",14,"0,66",13,"0,65"
Midtbane,Prestmo,Tromsø,"4,4",15,"0,039","3,83",15,"0,69",15,"0,66",14,"0,70",14,"0,63",14,"0,60",13,"0,55"
Midtbane,Silalahi,Strømsgodset,"5,2",15,"0,042","3,80",15,"0,64",15,"0,64",14,"0,69",14,"0,62",14,"0,61",13,"0,60"
Midtbane,Job,Sarpsborg 08,"6,0",15,"0,042","3,69",15,"0,67",15,"0,69",14,"0,49",14,"0,61",14,"0,62",13,"0,61"
Forsvar,Haugen,Viking,"4,4",15,"0,036","3,60",15,"0,64",15,"0,58",14,"0,62",14,"0,60",14,"0,58",13,"0,58"
Midtbane,Rasch,KFUM,"4,8",5,"0,032","3,53",5,"0,18",9,"0,42",13,"0,65",17,"0,62",21,"0,82",25,"0,84"
Forsvar,Helgeland,Haugesund,"3,9",10,"0,027","3,41",10,"0,29",15,"0,25",20,"0,38",25,"0,69",30,"0,82",35,"0,99"
Forsvar,Kasanwirjo,Molde,"5,0",15,"0,032","3,35",15,"0,60",15,"0,58",14,"0,66",14,"0,48",14,"0,52",13,"0,50"
Forsvar,Nielsen,Bodø/Glimt,"5,3",15,"0,027","3,28",15,"0,00",15,"0,78",14,"0,67",14,"0,93",14,"0,45",13,"0,46"
Forsvar,Vådebu,Tromsø,"4,4",5,"0,032","3,22",60,"2,33",5,"0,19",5,"0,20",5,"0,18",5,"0,17",4,"0,16"
Forsvar,Kvile,Fredrikstad,"5,0",15,"0,027","3,15",15,"0,85",15,"0,56",14,"0,49",14,"0,41",14,"0,45",13,"0,40"
Forsvar,Tshiembe,Vålerenga,"4,4",20,"0,024","3,14",20,"0,50",20,"0,60",19,"0,57",19,"0,56",18,"0,47",18,"0,44"
Midtbane,Hansen,Brann,"6,8",10,"0,039","3,10",10,"0,46",10,"0,44",10,"0,63",9,"0,80",9,"0,41",9,"0,37"
Midtbane,Bruseth,Sarpsborg 08,"5,9",15,"0,035","3,10",15,"0,57",15,"0,58",14,"0,40",14,"0,51",14,"0,52",13,"0,51"
Midtbane,Håland,Bryne,"4,8",15,"0,033","3,07",15,"0,58",15,"0,51",14,"0,58",14,"0,48",14,"0,48",13,"0,44"
Midtbane,Klynge,Bodø/Glimt,"7,5",10,"0,039","3,04",10,"0,00",10,"0,69",10,"0,60",9,"0,89",9,"0,43",9,"0,44"
Forsvar,Øyvann,Molde,"4,9",15,"0,029","3,00",15,"0,53",15,"0,52",14,"0,60",14,"0,43",14,"0,47",13,"0,45"
Angrep,Sæter,Rosenborg,"8,2",10,"0,046","2,93",0,"0,00",10,"0,54",10,"0,50",9,"0,97",9,"0,44",9,"0,48"
Midtbane,Osnes-Ringen,HamKam,"4,4",15,"0,031","2,90",15,"0,52",15,"0,50",14,"0,51",14,"0,47",14,"0,47",13,"0,44"
Midtbane,Trondsen,Sarpsborg 08,"4,5",15,"0,032","2,77",15,"0,51",15,"0,52",14,"0,34",14,"0,46",14,"0,47",13,"0,46"
Forsvar,Jeahze,Sarpsborg 08,"4,9",15,"0,030","2,64",15,"0,49",15,"0,50",14,"0,32",14,"0,44",14,"0,45",13,"0,44"
Midtbane,Sanyang,Sarpsborg 08,"5,0",10,"0,043","2,52",10,"0,46",10,"0,47",10,"0,34",9,"0,41",9,"0,42",9,"0,42"
Midtbane,Pettersen E.,Sandefjord,"4,5",10,"0,032","2,40",10,"0,37",10,"0,45",10,"0,30",9,"0,65",9,"0,32",9,"0,31"
Midtbane,Kristensen,KFUM,"5,4",10,"0,034","2,40",10,"0,38",10,"0,48",10,"0,50",9,"0,36",9,"0,38",9,"0,31"
Angrep,Karlsen,Haugesund,"4,4",10,"0,045","2,39",10,"0,47",10,"0,34",10,"0,35",9,"0,42",9,"0,40",9,"0,41"
Midtbane,Pedersen,HamKam,"5,0",10,"0,039","2,38",10,"0,42",10,"0,41",10,"0,42",9,"0,39",9,"0,38",9,"0,36"
Midtbane,Gojani,HamKam,"5,0",10,"0,039","2,38",10,"0,42",10,"0,41",10,"0,42",9,"0,39",9,"0,38",9,"0,36"
Forsvar,Sjåtil,Vålerenga,"4,1",15,"0,024","2,36",15,"0,38",15,"0,45",14,"0,43",14,"0,42",14,"0,35",13,"0,33"
Midtbane,Heredia-Randen,Strømsgodset,"4,2",10,"0,039","2,32",10,"0,39",10,"0,39",10,"0,42",9,"0,38",9,"0,37",9,"0,37"
Forsvar,Kukleci,Haugesund,"4,4",15,"0,030","2,30",15,"0,47",15,"0,28",14,"0,31",14,"0,42",14,"0,41",13,"0,41"
Forsvar,Bærtelsen,Viking,"4,3",10,"0,034","2,29",10,"0,41",10,"0,37",10,"0,40",9,"0,38",9,"0,37",9,"0,37"
Forsvar,Husebø,Tromsø,"4,1",10,"0,025","2,28",30,"0,89",10,"0,29",10,"0,33",9,"0,27",9,"0,26",9,"0,24"
Midtbane,Sunde,Rosenborg,"5,7",10,"0,030","2,25",10,"0,34",10,"0,36",10,"0,33",9,"0,63",9,"0,28",9,"0,31"
Forsvar,Sørmo,Strømsgodset,"4,3",15,"0,023","2,13",15,"0,36",15,"0,35",14,"0,39",14,"0,35",14,"0,34",13,"0,34"
Midtbane,Innvær,Tromsø,"5,3",10,"0,032","2,13",10,"0,38",10,"0,37",10,"0,40",9,"0,35",9,"0,33",9,"0,30"
Midtbane,Eide,Haugesund,"4,4",10,"0,039","2,04",10,"0,41",10,"0,27",10,"0,29",9,"0,36",9,"0,35",9,"0,35"
Midtbane,Skeide,Kristiansund,"4,1",10,"0,032","1,96",10,"0,34",10,"0,36",10,"0,29",9,"0,33",9,"0,31",9,"0,33"
Forsvar,Nouri,KFUM,"4,3",10,"0,029","1,93",10,"0,32",10,"0,41",9,"0,41",9,"0,28",8,"0,28",8,"0,23"
Angrep,Tibell,Sandefjord,"5,4",5,"0,051","1,92",5,"0,30",5,"0,33",5,"0,25",5,"0,53",5,"0,26",4,"0,25"
Midtbane,Landu-Landu,Bryne,"4,2",10,"0,028","1,78",10,"0,33",10,"0,30",10,"0,34",9,"0,28",9,"0,28",9,"0,26"
Forsvar,Jenssen,Tromsø,"4,4",10,"0,026","1,77",10,"0,31",10,"0,31",10,"0,34",9,"0,29",9,"0,27",9,"0,25"
Forsvar,Jarl,Vålerenga,"4,2",10,"0,027","1,77",10,"0,29",10,"0,33",10,"0,32",9,"0,32",9,"0,27",9,"0,25"
Forsvar,Schneider,KFUM,"4,4",10,"0,024","1,75",10,"0,27",10,"0,37",10,"0,38",9,"0,25",9,"0,26",9,"0,22"
Angrep,Bro,Bodø/Glimt,"5,8",5,"0,045","1,74",5,"0,00",5,"0,39",5,"0,34",5,"0,51",5,"0,25",4,"0,25"
Midtbane,Sande,Brann,"5,5",5,"0,042","1,69",5,"0,25",5,"0,24",5,"0,34",5,"0,43",5,"0,22",4,"0,20"
Midtbane,Borgersen,Rosenborg,"5,0",5,"0,045","1,69",5,"0,25",5,"0,26",5,"0,24",5,"0,47",5,"0,21",4,"0,23"
Midtbane,Remmen,Brann,"4,9",5,"0,042","1,67",5,"0,25",5,"0,24",5,"0,33",5,"0,43",5,"0,22",4,"0,20"
Midtbane,Berntsen,Sandefjord,"4,5",5,"0,042","1,57",5,"0,25",5,"0,28",5,"0,20",5,"0,43",5,"0,21",4,"0,20"
Forsvar,Gaye,Bryne,"4,3",10,"0,023","1,48",10,"0,28",10,"0,25",10,"0,29",9,"0,23",9,"0,23",9,"0,21"
Angrep,Apold-Aasen,Vålerenga,"4,5",5,"0,045","1,45",5,"0,24",5,"0,27",5,"0,26",5,"0,26",5,"0,22",4,"0,21"
Angrep,Mikaelsson,Viking,"5,6",5,"0,043","1,45",5,"0,26",5,"0,24",5,"0,25",5,"0,24",5,"0,23",4,"0,23"
Forsvar,Sery,Brann,"4,9",5,"0,027","1,44",5,"0,16",6,"0,17",6,"0,29",7,"0,38",7,"0,22",8,"0,22"
Midtbane,Nyheim,Molde,"5,8",5,"0,042","1,43",5,"0,26",5,"0,25",5,"0,28",5,"0,21",5,"0,23",4,"0,22"
Midtbane,Fuglestad,Viking,"5,8",5,"0,042","1,42",5,"0,25",5,"0,23",5,"0,24",5,"0,24",5,"0,23",4,"0,23"
Forsvar,Torsvik,Brann,"4,5",5,"0,032","1,30",5,"0,19",5,"0,18",5,"0,27",5,"0,33",5,"0,17",4,"0,15"
Midtbane,Sandberg,Sarpsborg 08,"5,5",5,"0,044","1,29",5,"0,24",5,"0,24",5,"0,17",5,"0,21",5,"0,22",4,"0,21"
Forsvar,Begby,Fredrikstad,"4,9",5,"0,032","1,24",5,"0,34",5,"0,22",5,"0,19",5,"0,16",5,"0,18",4,"0,16"
Midtbane,Kurd Rønning,Kristiansund,"4,5",5,"0,039","1,18",5,"0,21",5,"0,21",5,"0,18",5,"0,20",5,"0,19",4,"0,20"
Midtbane,Haaland,Brann,"4,9",5,"0,042","1,18",0,"0,00",0,"0,00",5,"0,33",5,"0,43",5,"0,22",4,"0,20"
Forsvar,Prent-Eckbo,KFUM,"3,9",5,"0,032","1,16",5,"0,18",5,"0,23",5,"0,24",5,"0,17",5,"0,18",4,"0,15"
Forsvar,Reitan,Rosenborg,"5,3",5,"0,030","1,15",5,"0,17",5,"0,18",5,"0,17",5,"0,32",5,"0,14",4,"0,16"
Forsvar,Holten,Brann,"4,4",5,"0,028","1,13",5,"0,17",5,"0,16",5,"0,24",5,"0,29",5,"0,15",4,"0,13"
Forsvar,Boakye,Brann,"5,0",5,"0,028","1,13",5,"0,17",5,"0,16",5,"0,24",5,"0,29",5,"0,15",4,"0,13"
Midtbane,Alvsaker,Haugesund,"4,4",5,"0,042","1,12",5,"0,22",5,"0,15",5,"0,16",5,"0,20",5,"0,19",4,"0,19"
Forsvar,Moe,Bodø/Glimt,"4,9",5,"0,028","1,12",5,"0,00",5,"0,26",5,"0,23",5,"0,32",5,"0,15",4,"0,16"
Forsvar,Racic,Rosenborg,"4,9",5,"0,028","1,06",5,"0,16",5,"0,17",5,"0,16",5,"0,30",5,"0,13",4,"0,15"
Midtbane,Sjøvold,Vålerenga,"4,2",5,"0,032","1,05",5,"0,17",5,"0,20",5,"0,19",5,"0,19",5,"0,16",4,"0,15"
Midtbane,Mehnert,Strømsgodset,"4,9",5,"0,034","1,04",5,"0,18",5,"0,17",5,"0,19",5,"0,17",5,"0,17",4,"0,16"
Midtbane,Sinyan,KFUM,"4,4",5,"0,028","1,02",5,"0,16",5,"0,21",5,"0,22",5,"0,15",5,"0,16",4,"0,13"
Forsvar,Sunday,HamKam,"4,5",5,"0,032","1,01",5,"0,18",5,"0,17",5,"0,18",5,"0,16",5,"0,16",4,"0,15"
Forsvar,Flex,Kristiansund,"4,3",5,"0,031","0,95",5,"0,16",5,"0,17",5,"0,14",5,"0,16",5,"0,15",4,"0,16"
Forsvar,Pallas,Vålerenga,"4,7",5,"0,028","0,94",5,"0,15",5,"0,18",5,"0,17",5,"0,17",5,"0,14",4,"0,13"
Midtbane,Svenningsen-Grønn,Sarpsborg 08,"4,5",5,"0,032","0,92",5,"0,17",5,"0,17",5,"0,11",5,"0,15",5,"0,16",4,"0,15"
Forsvar,Amundsen,Molde,"4,7",5,"0,026","0,92",5,"0,16",5,"0,16",5,"0,19",5,"0,13",5,"0,14",4,"0,14"
Forsvar,Hiim,Sarpsborg 08,"4,9",5,"0,032","0,91",5,"0,17",5,"0,17",5,"0,11",5,"0,15",5,"0,15",4,"0,15"
Forsvar,Westerlund,Strømsgodset,"4,4",5,"0,029","0,86",5,"0,15",5,"0,14",5,"0,16",5,"0,14",5,"0,14",4,"0,14"
Angrep,Seone,Haugesund,"5,0",5,"0,033","0,86",5,"0,17",5,"0,11",5,"0,12",5,"0,16",5,"0,15",4,"0,15"
Forsvar,Loftesnes-Bjune,Sandefjord,"4,3",5,"0,023","0,86",5,"0,13",5,"0,17",5,"0,10",5,"0,23",5,"0,11",4,"0,11"
Forsvar,Haugen,Kristiansund,"3,8",5,"0,027","0,83",5,"0,14",5,"0,15",5,"0,12",5,"0,14",5,"0,13",4,"0,14"
Forsvar,Kristiansen,Tromsø,"4,0",5,"0,024","0,81",5,"0,14",5,"0,14",5,"0,16",5,"0,13",5,"0,12",4,"0,11"
Forsvar,Jelicic,Kristiansund,"4,4",5,"0,026","0,81",5,"0,14",5,"0,15",5,"0,12",5,"0,14",5,"0,13",4,"0,14"
Forsvar,Lion Njie,Sarpsborg 08,"4,1",5,"0,027","0,78",5,"0,15",5,"0,15",5,"0,09",5,"0,13",5,"0,13",4,"0,13"
Midtbane,Traoré,Haugesund,"4,5",5,"0,028","0,72",5,"0,15",5,"0,09",5,"0,10",5,"0,13",5,"0,13",4,"0,13"
Forsvar,Koskela,Haugesund,"4,0",5,"0,028","0,71",5,"0,15",5,"0,08",5,"0,10",5,"0,13",5,"0,13",4,"0,13"
Midtbane,Granaas,Molde,"5,5",5,"0,029","0,64",5,"0,18",0,"0,00",0,"0,00",5,"0,15",5,"0,16",4,"0,15"
Midtbane,Carstensen,Sarpsborg 08,"5,6",0,"0,044","0,01",0,"0,00",0,"0,00",0,"0,00",0,"0,00",0,"0,00",0,"0,00"
Angrep,Heggebø,Brann,"9,6",0,"0,061","0,00",0,"0,00",0,"0,00",0,"0,00",0,"0,00",0,"0,00",0,"0,00"
Midtbane,Broholm,Rosenborg,"9,3",0,"0,062","0,00",0,"0,00",0,"0,00",0,"0,00",0,"0,00",0,"0,00",0,"0,00"
Midtbane,Okeke,KFUM,"6,5",0,"0,052","0,00",0,"0,00",0,"0,00",0,"0,00",0,"0,00",0,"0,00",0,"0,00"
Midtbane,Napoleon Romsaas,Tromsø,"6,8",0,"0,054","0,00",0,"0,00",0,"0,00",0,"0,00",0,"0,00",0,"0,00",0,"0,00"
Midtbane,Faraas,Fredrikstad,"5,8",0,"0,045","0,00",0,"0,00",0,"0,00",0,"0,00",0,"0,00",0,"0,00",0,"0,00"
Angrep,Thorvaldsson,Rosenborg,"5,9",0,"0,045","0,00",0,"0,00",0,"0,00",0,"0,00",0,"0,00",0,"0,00",0,"0,00"
Midtbane,Nypan,Rosenborg,"8,9",0,"0,044","0,00",0,"0,00",0,"0,00",0,"0,00",0,"0,00",0,"0,00",0,"0,00"
Midtbane,Eriksen,Molde,"9,8",0,"0,049","0,00",0,"0,00",0,"0,00",0,"0,00",0,"0,00",0,"0,00",0,"0,00"
Midtbane,Burakovsky,Bodø/Glimt,"6,0",0,"0,042","0,00",0,"0,00",0,"0,00",0,"0,00",0,"0,00",0,"0,00",0,"0,00"
Angrep,Grundetjern,Vålerenga,"6,3",0,"0,051","0,00",0,"0,00",0,"0,00",0,"0,00",0,"0,00",0,"0,00",0,"0,00"
Angrep,Holten,Fredrikstad,"6,4",0,"0,042","0,00",0,"0,00",0,"0,00",0,"0,00",0,"0,00",0,"0,00",0,"0,00"
Midtbane,Granaas,Fredrikstad,"4,5",0,"0,042","0,00",0,"0,00",0,"0,00",0,"0,00",0,"0,00",0,"0,00",0,"0,00"
Midtbane,Sahsah,Rosenborg,"6,5",0,"0,042","0,00",0,"0,00",0,"0,00",0,"0,00",0,"0,00",0,"0,00",0,"0,00"
Midtbane,Jemal,Sandefjord,"5,3",0,"0,042","0,00",0,"0,00",0,"0,00",0,"0,00",0,"0,00",0,"0,00",0,"0,00"
Midtbane,Belly,Sandefjord,"4,9",0,"0,042","0,00",0,"0,00",0,"0,00",0,"0,00",0,"0,00",0,"0,00",0,"0,00"
Angrep,Semmen,KFUM,"4,2",0,"0,045","0,00",0,"0,00",0,"0,00",0,"0,00",0,"0,00",0,"0,00",0,"0,00"
Midtbane,Kjær,Bodø/Glimt,"5,9",0,"0,039","0,00",0,"0,00",0,"0,00",0,"0,00",0,"0,00",0,"0,00",0,"0,00"
Midtbane,Vetti,Bodø/Glimt,"4,1",0,"0,039","0,00",0,"0,00",0,"0,00",0,"0,00",0,"0,00",0,"0,00",0,"0,00"
Angrep,Christensen,Tromsø,"5,3",0,"0,045","0,00",0,"0,00",0,"0,00",0,"0,00",0,"0,00",0,"0,00",0,"0,00"
Midtbane,E. Solberg,Fredrikstad,"4,3",0,"0,039","0,00",0,"0,00",0,"0,00",0,"0,00",0,"0,00",0,"0,00",0,"0,00"
Midtbane,Engebakken,Fredrikstad,"4,5",0,"0,039","0,00",0,"0,00",0,"0,00",0,"0,00",0,"0,00",0,"0,00",0,"0,00"
Angrep,Rijks,Vålerenga,"5,7",0,"0,045","0,00",0,"0,00",0,"0,00",0,"0,00",0,"0,00",0,"0,00",0,"0,00"
Angrep,Jonassen,Bryne,"5,2",0,"0,045","0,00",0,"0,00",0,"0,00",0,"0,00",0,"0,00",0,"0,00",0,"0,00"
Midtbane,Mengshoel,HamKam,"4,4",0,"0,045","0,00",0,"0,00",0,"0,00",0,"0,00",0,"0,00",0,"0,00",0,"0,00"
Angrep,Cole,HamKam,"4,5",0,"0,045","0,00",0,"0,00",0,"0,00",0,"0,00",0,"0,00",0,"0,00",0,"0,00"
Angrep,Weidel,Kristiansund,"4,2",0,"0,045","0,00",0,"0,00",0,"0,00",0,"0,00",0,"0,00",0,"0,00",0,"0,00"
Midtbane,Ørjasæter,Sarpsborg 08,"7,8",0,"0,047","0,00",0,"0,00",0,"0,00",0,"0,00",0,"0,00",0,"0,00",0,"0,00"
Midtbane,Bully,Vålerenga,"5,0",0,"0,042","0,00",0,"0,00",0,"0,00",0,"0,00",0,"0,00",0,"0,00",0,"0,00"
Midtbane,Onyebuchi,Vålerenga,"5,0",0,"0,042","0,00",0,"0,00",0,"0,00",0,"0,00",0,"0,00",0,"0,00",0,"0,00"
Angrep,Spiten,Strømsgodset,"4,4",0,"0,045","0,00",0,"0,00",0,"0,00",0,"0,00",0,"0,00",0,"0,00",0,"0,00"
Keeper,Fischer,Fredrikstad,"5,6",0,"0,035","0,00",0,"0,00",0,"0,00",0,"0,00",0,"0,00",0,"0,00",0,"0,00"
Keeper,Bramel,Brann,"4,5",0,"0,033","0,00",0,"0,00",0,"0,00",0,"0,00",0,"0,00",0,"0,00",0,"0,00"
Keeper,Klausen,Brann,"3,9",0,"0,033","0,00",0,"0,00",0,"0,00",0,"0,00",0,"0,00",0,"0,00",0,"0,00"
Keeper,Faye,Bodø/Glimt,"4,4",0,"0,033","0,00",0,"0,00",0,"0,00",0,"0,00",0,"0,00",0,"0,00",0,"0,00"
Keeper,Brøndbo,Bodø/Glimt,"3,8",0,"0,033","0,00",0,"0,00",0,"0,00",0,"0,00",0,"0,00",0,"0,00",0,"0,00"
Keeper,Sjong,Bodø/Glimt,"3,9",0,"0,033","0,00",0,"0,00",0,"0,00",0,"0,00",0,"0,00",0,"0,00",0,"0,00"
Angrep,Kirkevold,HamKam,"5,1",0,"0,043","0,00",0,"0,00",0,"0,00",0,"0,00",0,"0,00",0,"0,00",0,"0,00"
Forsvar,Norheim,Tromsø,"5,6",0,"0,040","0,00",0,"0,00",0,"0,00",0,"0,00",0,"0,00",0,"0,00",0,"0,00"
Angrep,Melkersen,Strømsgodset,"6,2",0,"0,044","0,00",0,"0,00",0,"0,00",0,"0,00",0,"0,00",0,"0,00",0,"0,00"
Midtbane,Mork,Molde,"4,5",0,"0,039","0,00",0,"0,00",0,"0,00",0,"0,00",0,"0,00",0,"0,00",0,"0,00"
Midtbane,Tveita,Bryne,"5,0",0,"0,042","0,00",0,"0,00",0,"0,00",0,"0,00",0,"0,00",0,"0,00",0,"0,00"
Midtbane,Undheim,Bryne,"4,5",0,"0,042","0,00",0,"0,00",0,"0,00",0,"0,00",0,"0,00",0,"0,00",0,"0,00"
Midtbane,De Ornelas,HamKam,"4,3",0,"0,042","0,00",0,"0,00",0,"0,00",0,"0,00",0,"0,00",0,"0,00",0,"0,00"
Midtbane,Daddys Boy,Kristiansund,"5,3",0,"0,042","0,00",0,"0,00",0,"0,00",0,"0,00",0,"0,00",0,"0,00",0,"0,00"
Midtbane,Ermias,Kristiansund,"5,0",0,"0,042","0,00",0,"0,00",0,"0,00",0,"0,00",0,"0,00",0,"0,00",0,"0,00"
Keeper,Birksø,Fredrikstad,"5,0",0,"0,033","0,00",0,"0,00",0,"0,00",0,"0,00",0,"0,00",0,"0,00",0,"0,00"
Keeper,Langbråten,Fredrikstad,"3,9",0,"0,033","0,00",0,"0,00",0,"0,00",0,"0,00",0,"0,00",0,"0,00",0,"0,00"
Keeper,Øvretveit,Fredrikstad,"4,5",0,"0,033","0,00",0,"0,00",0,"0,00",0,"0,00",0,"0,00",0,"0,00",0,"0,00"
Midtbane,Ekeland,Strømsgodset,"4,9",0,"0,042","0,00",0,"0,00",0,"0,00",0,"0,00",0,"0,00",0,"0,00",0,"0,00"
Forsvar,Tomasson,Strømsgodset,"5,6",0,"0,042","0,00",0,"0,00",0,"0,00",0,"0,00",0,"0,00",0,"0,00",0,"0,00"
Midtbane,Ulland,Strømsgodset,"5,4",0,"0,042","0,00",0,"0,00",0,"0,00",0,"0,00",0,"0,00",0,"0,00",0,"0,00"
Keeper,Semundseth,Rosenborg,"4,4",0,"0,033","0,00",0,"0,00",0,"0,00",0,"0,00",0,"0,00",0,"0,00",0,"0,00"
Keeper,Grønneberg,Sandefjord,"3,8",0,"0,033","0,00",0,"0,00",0,"0,00",0,"0,00",0,"0,00",0,"0,00",0,"0,00"
Midtbane,Svindland,Bryne,"4,9",0,"0,040","0,00",0,"0,00",0,"0,00",0,"0,00",0,"0,00",0,"0,00",0,"0,00"
Midtbane,Opsahl,Brann,"4,5",0,"0,031","0,00",0,"0,00",0,"0,00",0,"0,00",0,"0,00",0,"0,00",0,"0,00"
Midtbane,Hjertø-Dahl,Tromsø,"5,0",0,"0,037","0,00",0,"0,00",0,"0,00",0,"0,00",0,"0,00",0,"0,00",0,"0,00"
Midtbane,Håheim-Elveseter,Sarpsborg 08,"5,3",0,"0,042","0,00",0,"0,00",0,"0,00",0,"0,00",0,"0,00",0,"0,00",0,"0,00"
Forsvar,Fall,Fredrikstad,"5,5",0,"0,032","0,00",0,"0,00",0,"0,00",0,"0,00",0,"0,00",0,"0,00",0,"0,00"
Forsvar,Mortensen,Rosenborg,"4,8",0,"0,032","0,00",0,"0,00",0,"0,00",0,"0,00",0,"0,00",0,"0,00",0,"0,00"
Keeper,Storevik,Vålerenga,"4,3",0,"0,037","0,00",0,"0,00",0,"0,00",0,"0,00",0,"0,00",0,"0,00",0,"0,00"
Midtbane,Åmot Lye,Bryne,"4,4",0,"0,039","0,00",0,"0,00",0,"0,00",0,"0,00",0,"0,00",0,"0,00",0,"0,00"
Midtbane,Pettersen,Sandefjord,"4,8",0,"0,032","0,00",0,"0,00",0,"0,00",0,"0,00",0,"0,00",0,"0,00",0,"0,00"
Midtbane,Utkilen,HamKam,"4,5",0,"0,039","0,00",0,"0,00",0,"0,00",0,"0,00",0,"0,00",0,"0,00",0,"0,00"
Keeper,Da Rocha,KFUM,"4,4",0,"0,033","0,00",0,"0,00",0,"0,00",0,"0,00",0,"0,00",0,"0,00",0,"0,00"
Keeper,Sørlie,KFUM,"3,9",0,"0,033","0,00",0,"0,00",0,"0,00",0,"0,00",0,"0,00",0,"0,00",0,"0,00"
Midtbane,Opsahl,Kristiansund,"4,5",0,"0,039","0,00",0,"0,00",0,"0,00",0,"0,00",0,"0,00",0,"0,00",0,"0,00"
Midtbane,Therkelsen,Strømsgodset,"6,4",0,"0,039","0,00",0,"0,00",0,"0,00",0,"0,00",0,"0,00",0,"0,00",0,"0,00"
Midtbane,Kaasa,Molde,"6,4",0,"0,034","0,00",0,"0,00",0,"0,00",0,"0,00",0,"0,00",0,"0,00",0,"0,00"
Midtbane,Risan Mørk,Sandefjord,"5,0",0,"0,031","0,00",0,"0,00",0,"0,00",0,"0,00",0,"0,00",0,"0,00",0,"0,00"
Keeper,McDermott,Molde,"4,4",0,"0,033","0,00",0,"0,00",0,"0,00",0,"0,00",0,"0,00",0,"0,00",0,"0,00"
Angrep,Brajanac,Vålerenga,"6,4",0,"0,035","0,00",0,"0,00",0,"0,00",0,"0,00",0,"0,00",0,"0,00",0,"0,00"
Keeper,Posiadała,Molde,"4,4",0,"0,033","0,00",0,"0,00",0,"0,00",0,"0,00",0,"0,00",0,"0,00",0,"0,00"
Keeper,Helgeland,Viking,"4,0",0,"0,033","0,00",0,"0,00",0,"0,00",0,"0,00",0,"0,00",0,"0,00",0,"0,00"
Keeper,Kinn,Viking,"4,2",0,"0,033","0,00",0,"0,00",0,"0,00",0,"0,00",0,"0,00",0,"0,00",0,"0,00"
Keeper,Ree,Viking,"4,0",0,"0,033","0,00",0,"0,00",0,"0,00",0,"0,00",0,"0,00",0,"0,00",0,"0,00"
Keeper,Østbø,Viking,"4,2",0,"0,033","0,00",0,"0,00",0,"0,00",0,"0,00",0,"0,00",0,"0,00",0,"0,00"
Keeper,Lauvli,Tromsø,"4,4",0,"0,033","0,00",0,"0,00",0,"0,00",0,"0,00",0,"0,00",0,"0,00",0,"0,00"
Keeper,Thomas,Tromsø,"3,8",0,"0,033","0,00",0,"0,00",0,"0,00",0,"0,00",0,"0,00",0,"0,00",0,"0,00"
Keeper,Trige,Tromsø,"4,0",0,"0,033","0,00",0,"0,00",0,"0,00",0,"0,00",0,"0,00",0,"0,00",0,"0,00"
Midtbane,Christensen,Molde,"4,5",0,"0,032","0,00",0,"0,00",0,"0,00",0,"0,00",0,"0,00",0,"0,00",0,"0,00"
Forsvar,Hellan,Brann,"4,9",0,"0,027","0,00",0,"0,00",0,"0,00",0,"0,00",0,"0,00",0,"0,00",0,"0,00"
Forsvar,Lino,Viking,"4,2",0,"0,032","0,00",0,"0,00",0,"0,00",0,"0,00",0,"0,00",0,"0,00",0,"0,00"
Midtbane,de Lanlay,Viking,"5,0",0,"0,032","0,00",0,"0,00",0,"0,00",0,"0,00",0,"0,00",0,"0,00",0,"0,00"
Forsvar,Gjone,Sandefjord,"4,2",0,"0,029","0,00",0,"0,00",0,"0,00",0,"0,00",0,"0,00",0,"0,00",0,"0,00"
Forsvar,Robertsen,Tromsø,"4,3",0,"0,032","0,00",0,"0,00",0,"0,00",0,"0,00",0,"0,00",0,"0,00",0,"0,00"
Midtbane,Sætherbø,Viking,"4,5",0,"0,032","0,00",0,"0,00",0,"0,00",0,"0,00",0,"0,00",0,"0,00",0,"0,00"
Midtbane,Sandrød,Rosenborg,"4,4",0,"0,028","0,00",0,"0,00",0,"0,00",0,"0,00",0,"0,00",0,"0,00",0,"0,00"
Angrep,Möller,Strømsgodset,"6,5",0,"0,036","0,00",0,"0,00",0,"0,00",0,"0,00",0,"0,00",0,"0,00",0,"0,00"
Forsvar,J. Solberg,Fredrikstad,"3,9",0,"0,028","0,00",0,"0,00",0,"0,00",0,"0,00",0,"0,00",0,"0,00",0,"0,00"
Forsvar,Okpaleke,Fredrikstad,"4,5",0,"0,028","0,00",0,"0,00",0,"0,00",0,"0,00",0,"0,00",0,"0,00",0,"0,00"
Forsvar,Borchgrevink,Vålerenga,"5,3",0,"0,032","0,00",0,"0,00",0,"0,00",0,"0,00",0,"0,00",0,"0,00",0,"0,00"
Midtbane,Enggård,Molde,"5,7",0,"0,031","0,00",0,"0,00",0,"0,00",0,"0,00",0,"0,00",0,"0,00",0,"0,00"
Forsvar,Volden,Rosenborg,"4,4",0,"0,028","0,00",0,"0,00",0,"0,00",0,"0,00",0,"0,00",0,"0,00",0,"0,00"
Forsvar,Urbancic,Viking,"4,5",0,"0,031","0,00",0,"0,00",0,"0,00",0,"0,00",0,"0,00",0,"0,00",0,"0,00"
Forsvar,A. van der Spa,Sandefjord,"3,9",0,"0,028","0,00",0,"0,00",0,"0,00",0,"0,00",0,"0,00",0,"0,00",0,"0,00"
Keeper,Cajtoft,Bryne,"3,9",0,"0,033","0,00",0,"0,00",0,"0,00",0,"0,00",0,"0,00",0,"0,00",0,"0,00"
Keeper,Spiridonov,Bryne,"3,9",0,"0,033","0,00",0,"0,00",0,"0,00",0,"0,00",0,"0,00",0,"0,00",0,"0,00"
Forsvar,Paintsil,Tromsø,"4,3",0,"0,031","0,00",0,"0,00",0,"0,00",0,"0,00",0,"0,00",0,"0,00",0,"0,00"
Keeper,Lansing,Kristiansund,"4,2",0,"0,034","0,00",0,"0,00",0,"0,00",0,"0,00",0,"0,00",0,"0,00",0,"0,00"
Keeper,Norda,HamKam,"4,0",0,"0,033","0,00",0,"0,00",0,"0,00",0,"0,00",0,"0,00",0,"0,00",0,"0,00"
Forsvar,Auklend,Viking,"4,4",0,"0,030","0,00",0,"0,00",0,"0,00",0,"0,00",0,"0,00",0,"0,00",0,"0,00"
Keeper,Skjærstein,Kristiansund,"4,5",0,"0,033","0,00",0,"0,00",0,"0,00",0,"0,00",0,"0,00",0,"0,00",0,"0,00"
Keeper,Rød,Kristiansund,"4,0",0,"0,033","0,00",0,"0,00",0,"0,00",0,"0,00",0,"0,00",0,"0,00",0,"0,00"
Midtbane,Antonsen,Tromsø,"4,7",0,"0,031","0,00",0,"0,00",0,"0,00",0,"0,00",0,"0,00",0,"0,00",0,"0,00"
Forsvar,Agelin,Sandefjord,"4,0",0,"0,027","0,00",0,"0,00",0,"0,00",0,"0,00",0,"0,00",0,"0,00",0,"0,00"
Midtbane,Samuelsen,Haugesund,"4,7",0,"0,039","0,00",0,"0,00",0,"0,00",0,"0,00",0,"0,00",0,"0,00",0,"0,00"
Midtbane,Thornes,Bryne,"5,0",0,"0,032","0,00",0,"0,00",0,"0,00",0,"0,00",0,"0,00",0,"0,00",0,"0,00"
Keeper,Torkildsen,Strømsgodset,"4,5",0,"0,033","0,00",0,"0,00",0,"0,00",0,"0,00",0,"0,00",0,"0,00",0,"0,00"
Keeper,Holmen,Strømsgodset,"4,5",0,"0,033","0,00",0,"0,00",0,"0,00",0,"0,00",0,"0,00",0,"0,00",0,"0,00"
Keeper,Lampinen,Strømsgodset,"3,9",0,"0,033","0,00",0,"0,00",0,"0,00",0,"0,00",0,"0,00",0,"0,00",0,"0,00"
Keeper,Sjøeng,Vålerenga,"4,3",0,"0,030","0,00",0,"0,00",0,"0,00",0,"0,00",0,"0,00",0,"0,00",0,"0,00"
Midtbane,Møller Dæhli,Molde,"5,3",0,"0,028","0,00",0,"0,00",0,"0,00",0,"0,00",0,"0,00",0,"0,00",0,"0,00"
Forsvar,Vevatne,Viking,"4,3",0,"0,029","0,00",0,"0,00",0,"0,00",0,"0,00",0,"0,00",0,"0,00",0,"0,00"
Keeper,Flolid,Sarpsborg 08,"3,9",0,"0,033","0,00",0,"0,00",0,"0,00",0,"0,00",0,"0,00",0,"0,00",0,"0,00"
Keeper,Jenssen,Sarpsborg 08,"4,9",0,"0,033","0,00",0,"0,00",0,"0,00",0,"0,00",0,"0,00",0,"0,00",0,"0,00"
Midtbane,Cappis,Viking,"5,2",0,"0,029","0,00",0,"0,00",0,"0,00",0,"0,00",0,"0,00",0,"0,00",0,"0,00"
Forsvar,Nakken,Molde,"3,8",0,"0,028","0,00",0,"0,00",0,"0,00",0,"0,00",0,"0,00",0,"0,00",0,"0,00"
Forsvar,Stensness,Viking,"4,9",0,"0,028","0,00",0,"0,00",0,"0,00",0,"0,00",0,"0,00",0,"0,00",0,"0,00"
Midtbane,Ndayizeye,Molde,"4,5",0,"0,027","0,00",0,"0,00",0,"0,00",0,"0,00",0,"0,00",0,"0,00",0,"0,00"
Angrep,Espejord,Haugesund,"5,7",0,"0,036","0,00",0,"0,00",0,"0,00",0,"0,00",0,"0,00",0,"0,00",0,"0,00"
Midtbane,Vestergård,Sarpsborg 08,"4,3",0,"0,032","0,00",0,"0,00",0,"0,00",0,"0,00",0,"0,00",0,"0,00",0,"0,00"
Forsvar,Tebo,Sarpsborg 08,"4,7",0,"0,032","0,00",0,"0,00",0,"0,00",0,"0,00",0,"0,00",0,"0,00",0,"0,00"
Forsvar,Moi,Viking,"4,0",0,"0,027","0,00",0,"0,00",0,"0,00",0,"0,00",0,"0,00",0,"0,00",0,"0,00"
Midtbane,Aksnes,Bryne,"4,4",0,"0,028","0,00",0,"0,00",0,"0,00",0,"0,00",0,"0,00",0,"0,00",0,"0,00"
Forsvar,Bjarnason,HamKam,"4,5",0,"0,029","0,00",0,"0,00",0,"0,00",0,"0,00",0,"0,00",0,"0,00",0,"0,00"
Forsvar,Norheim,Bryne,"4,2",0,"0,028","0,00",0,"0,00",0,"0,00",0,"0,00",0,"0,00",0,"0,00",0,"0,00"
Midtbane,Ødegaard,HamKam,"4,4",0,"0,028","0,00",0,"0,00",0,"0,00",0,"0,00",0,"0,00",0,"0,00",0,"0,00"
Keeper,Fauskanger,Haugesund,"4,0",0,"0,033","0,00",0,"0,00",0,"0,00",0,"0,00",0,"0,00",0,"0,00",0,"0,00"
Forsvar,Larsen,HamKam,"4,0",0,"0,028","0,00",0,"0,00",0,"0,00",0,"0,00",0,"0,00",0,"0,00",0,"0,00"
Forsvar,Opsahl,HamKam,"4,5",0,"0,028","0,00",0,"0,00",0,"0,00",0,"0,00",0,"0,00",0,"0,00",0,"0,00"
Midtbane,Skistad,Strømsgodset,"4,4",0,"0,028","0,00",0,"0,00",0,"0,00",0,"0,00",0,"0,00",0,"0,00",0,"0,00"
Forsvar,Rye,HamKam,"3,9",0,"0,027","0,00",0,"0,00",0,"0,00",0,"0,00",0,"0,00",0,"0,00",0,"0,00"
Forsvar,Williamsen,Kristiansund,"4,5",0,"0,027","0,00",0,"0,00",0,"0,00",0,"0,00",0,"0,00",0,"0,00",0,"0,00"
Forsvar,Wiig,Kristiansund,"3,9",0,"0,027","0,00",0,"0,00",0,"0,00",0,"0,00",0,"0,00",0,"0,00",0,"0,00"
Forsvar,Guessand,Kristiansund,"4,0",0,"0,027","0,00",0,"0,00",0,"0,00",0,"0,00",0,"0,00",0,"0,00",0,"0,00"
Forsvar,Lund,Molde,"4,9",0,"0,024","0,00",0,"0,00",0,"0,00",0,"0,00",0,"0,00",0,"0,00",0,"0,00"
Forsvar,Skuseth,Sarpsborg 08,"4,4",0,"0,028","0,00",0,"0,00",0,"0,00",0,"0,00",0,"0,00",0,"0,00",0,"0,00"
Forsvar,Görlich,Bryne,"4,3",0,"0,025","0,00",0,"0,00",0,"0,00",0,"0,00",0,"0,00",0,"0,00",0,"0,00"
Midtbane,Eskesen,Haugesund,"5,4",0,"0,030","0,00",0,"0,00",0,"0,00",0,"0,00",0,"0,00",0,"0,00",0,"0,00"
Midtbane,Konradsen,Haugesund,"4,7",0,"0,028","0,00",0,"0,00",0,"0,00",0,"0,00",0,"0,00",0,"0,00",0,"0,00"
Forsvar,Ødegård,Sarpsborg 08,"4,3",0,"0,025","0,00",0,"0,00",0,"0,00",0,"0,00",0,"0,00",0,"0,00",0,"0,00"
Forsvar,Bjørnbak,Haugesund,"4,7",0,"0,028","0,00",0,"0,00",0,"0,00",0,"0,00",0,"0,00",0,"0,00",0,"0,00"
Forsvar,Bondhus,Haugesund,"3,9",0,"0,027","0,00",0,"0,00",0,"0,00",0,"0,00",0,"0,00",0,"0,00",0,"0,00"
Forsvar,Krusnell,Haugesund,"4,4",0,"0,025","0,00",0,"0,00",0,"0,00",0,"0,00",0,"0,00",0,"0,00",0,"0,00"
Forsvar,Solheim,Haugesund,"4,4",0,"0,023","0,00",0,"0,00",0,"0,00",0,"0,00",0,"0,00",0,"0,00",0,"0,00"